{"cameraMode":{"drawMode":0,"name":"Shaded","section":"Shading Mode"},"sceneLighting":false,"audioPlay":false,"sceneViewState":{"m_AlwaysRefresh":false,"showFog":true,"showSkybox":true,"showFlares":true,"showImageEffects":true,"showParticleSystems":true,"showVisualEffectGraphs":true,"m_FxEnabled":true},"in2DMode":false,"pivot":{"x":0.47963032126426699,"y":3.2940707206726076,"z":6.879469871520996},"rotation":{"x":-0.11667567491531372,"y":0.022621603682637216,"z":-0.002631779294461012,"w":-0.9926412105560303},"size":9.457887649536133,"orthographic":false}