{"cameraMode":{"drawMode":0,"name":"Shaded","section":"Shading Mode"},"sceneLighting":false,"audioPlay":false,"sceneViewState":{"m_AlwaysRefresh":false,"showFog":false,"showSkybox":false,"showFlares":false,"showImageEffects":false,"showParticleSystems":false,"showVisualEffectGraphs":true,"m_FxEnabled":true},"in2DMode":false,"pivot":{"x":-0.1602831780910492,"y":1.278241515159607,"z":0.06531914323568344},"rotation":{"x":-0.008864101953804493,"y":0.9826460480690002,"z":-0.10038786381483078,"w":-0.1557583212852478},"size":0.8628082275390625,"orthographic":false}