{"cameraMode":{"drawMode":0,"name":"Shaded","section":"Shading Mode"},"sceneLighting":false,"audioPlay":false,"sceneViewState":{"m_AlwaysRefresh":false,"showFog":true,"showSkybox":false,"showFlares":true,"showImageEffects":true,"showParticleSystems":true,"showVisualEffectGraphs":true,"m_FxEnabled":true},"in2DMode":false,"pivot":{"x":0.14000000059604646,"y":0.09700000286102295,"z":5.380000114440918},"rotation":{"x":-0.24553798139095307,"y":0.5754045248031616,"z":-0.19629615545272828,"w":-0.7550446391105652},"size":13.022601127624512,"orthographic":false}